id,target
118423,0
101405,0
118315,0
105779,0
116242,0
112234,0
103062,0
110295,0
109469,0
119343,0
110086,0
104850,0
100125,0
117137,0
103347,0
109855,0
103823,0
109488,0
115748,0
115997,0
119810,0
106962,0
106726,0
116573,0
113735,0
100695,0
101020,0
113970,0
115667,0
119691,0
119519,0
105782,0
115437,0
102952,0
117169,0
117618,0
116364,0
106052,0
107418,0
118967,0
100761,0
100321,0
103442,0
109602,0
115115,0
100953,0
103703,0
115077,0
113706,0
113811,0
105183,0
118324,0
101882,0
100890,0
116749,0
100526,0
114198,0
114869,0
116793,0
112318,0
119902,0
109204,0
104347,0
107176,0
101893,0
102588,0
111252,0
104852,0
112211,0
102528,0
107163,0
104220,0
111012,0
103406,0
103119,0
118077,0
119844,0
116577,0
113828,0
112003,0
117228,0
102715,0
107316,0
109419,0
103357,0
112504,0
117904,0
112605,0
114380,0
116203,0
109023,0
100539,0
116985,0
114627,0
108506,0
108158,0
106478,0
101815,0
113339,0
101407,0
113145,0
108956,0
107008,0
106586,0
115626,0
112744,0
102597,0
103663,0
116848,0
113224,0
104753,0
113260,0
100224,0
109917,0
101224,0
117942,0
102637,0
116619,0
111237,0
110859,0
118908,0
106665,0
114675,0
104067,0
105698,0
103789,0
117882,0
101470,0
119216,0
103929,0
110020,0
117367,0
111165,0
106170,0
105988,0
110948,0
117640,0
114946,0
106174,0
102067,0
100510,0
100092,0
103555,0
106418,0
115674,0
101050,0
103196,0
116376,0
115928,0
110265,0
114735,0
111657,0
106374,0
100441,0
106614,0
105773,0
100572,0
115978,0
107021,0
118364,0
116176,0
115736,0
101704,0
101153,0
115126,0
112955,0
101048,0
116363,0
100101,0
119527,0
115782,0
111661,0
114855,0
114096,0
111241,0
109286,0
109418,0
108790,0
101533,0
119803,0
112651,0
103709,0
108091,0
103168,0
105142,0
105817,0
104026,0
105536,0
108149,0
116123,0
119792,0
111793,0
106931,0
112134,0
116781,0
114953,0
105081,0
104639,0
112716,0
113656,0
110944,0
104569,0
109360,0
113085,0
104535,0
116510,0
112854,0
118435,0
106674,0
108858,0
112475,0
104698,0
105208,0
109426,0
112080,0
116699,0
107195,0
118190,0
107721,0
117637,0
109675,0
103264,0
115416,0
101504,0
115564,0
115271,0
114320,0
118851,0
115253,0
109253,0
113781,0
111068,0
100637,0
105964,0
100803,0
106037,0
115551,0
116532,0
100351,0
102785,0
116204,0
118247,0
116686,0
109241,0
115201,0
102833,0
107667,0
107064,0
116824,0
111887,0
119485,0
101400,0
101348,0
111328,0
106708,0
107377,0
114332,0
105175,0
115812,0
101859,0
107198,0
106398,0
108498,0
117644,0
118755,0
101324,0
117369,0
101926,0
112254,0
116871,0
105587,0
115521,0
101098,0
106622,0
110467,0
108848,0
117147,0
114318,0
110892,0
108290,0
101416,0
112871,0
113300,0
111985,0
103941,0
114903,0
116835,0
110681,0
105889,0
115105,0
113367,0
108547,0
100735,0
103024,0
114723,0
111443,0
117690,0
103658,0
100970,0
118200,0
108852,0
118492,0
119977,0
118761,0
114840,0
107218,0
105789,0
116823,0
115821,0
115591,0
119811,0
118217,0
104210,0
111955,0
108749,0
103904,0
110370,0
116240,0
111291,0
112187,0
117710,0
103959,0
107243,0
117501,0
110221,0
117132,0
112655,0
115131,0
113872,0
115139,0
114758,0
108317,0
105047,0
110248,0
115289,0
103261,0
115602,0
102540,0
115108,0
101502,0
115183,0
117226,0
100522,0
103939,0
107203,0
118232,0
113399,0
112886,0
117500,0
108217,0
109337,0
117795,0
105016,0
106513,0
115516,0
114416,0
109209,0
106483,0
109012,0
106640,0
112936,0
109503,0
117252,0
104331,0
117447,0
108998,0
116948,0
112042,0
116756,0
117885,0
100328,0
110990,0
113042,0
106656,0
117006,0
119693,0
102121,0
103155,0
103960,0
106169,0
116617,0
109835,0
118864,0
109398,0
110394,0
108329,0
117218,0
106707,0
108524,0
102791,0
118493,0
118912,0
101220,0
111146,0
112925,0
103384,0
100985,0
106246,0
114817,0
112177,0
116610,0
103147,0
106235,0
113570,0
114234,0
102721,0
110885,0
119421,0
105080,0
101963,0
106144,0
119364,0
109686,0
118618,0
110220,0
109816,0
119701,0
117705,0
109848,0
116765,0
111109,0
103554,0
119783,0
111087,0
113217,0
115543,0
100547,0
116586,0
116447,0
110666,0
104624,0
103581,0
105944,0
106371,0
104261,0
108403,0
108272,0
117351,0
102380,0
109819,0
109783,0
103995,0
110375,0
102237,0
104012,0
109271,0
115307,0
115820,0
107290,0
106481,0
100029,0
101298,0
119434,0
101506,0
118589,0
119487,0
101912,0
118437,0
105545,0
101645,0
107680,0
110266,0
105456,0
116410,0
108629,0
119213,0
117868,0
114472,0
103135,0
112754,0
102966,0
115791,0
110638,0
116828,0
103287,0
114376,0
110954,0
110541,0
105955,0
111643,0
109678,0
110645,0
119375,0
113406,0
106559,0
119948,0
117520,0
107107,0
104534,0
114114,0
102090,0
107653,0
110016,0
103621,0
116703,0
106347,0
118911,0
110810,0
108843,0
116856,0
104785,0
114763,0
107620,0
104918,0
103899,0
109659,0
114304,0
108337,0
118228,0
101372,0
113795,0
107488,0
114328,0
116220,0
104244,0
100498,0
105921,0
101640,0
110988,0
100251,0
110282,0
113362,0
113291,0
116423,0
100878,0
116458,0
119273,0
109612,0
107663,0
109371,0
114798,0
106587,0
101312,0
113776,0
119647,0
118876,0
118585,0
117822,0
100653,0
107503,0
109279,0
106385,0
116762,0
113911,0
103010,0
103091,0
108788,0
112704,0
113480,0
116393,0
105185,0
116954,0
111010,0
110721,0
105074,0
105498,0
113592,0
104070,0
108826,0
113664,0
102729,0
101777,0
105743,0
101837,0
104468,0
104109,0
115829,0
108089,0
115101,0
117706,0
112502,0
107206,0
105311,0
113267,0
113832,0
104427,0
108022,0
116411,0
103625,0
115257,0
118418,0
112263,0
108492,0
107423,0
114882,0
103011,0
114558,0
118162,0
115976,0
108780,0
100437,0
119841,0
102565,0
113566,0
103921,0
108903,0
101339,0
111812,0
110169,0
115532,0
111296,0
117436,0
111510,0
112878,0
108370,0
102461,0
102275,0
111228,0
102172,0
115044,0
111851,0
117098,0
109374,0
118182,0
111890,0
112485,0
107031,0
102382,0
105492,0
115490,0
116358,0
113055,0
118399,0
119867,0
115837,0
108922,0
112493,0
114579,0
119222,0
118816,0
113975,0
113868,0
117327,0
103742,0
118159,0
104755,0
112203,0
117126,0
101428,0
111845,0
114757,0
108648,0
113315,0
112542,0
112710,0
106910,0
100416,0
103876,0
106312,0
104403,0
100792,0
118165,0
102583,0
104599,0
116664,0
108709,0
108580,0
112077,0
118089,0
109805,0
115614,0
117913,0
116147,0
104813,0
114875,0
100518,0
107976,0
105184,0
109161,0
116396,0
114576,0
105263,0
112305,0
111824,0
113733,0
113652,0
105608,0
105732,0
115863,0
117316,0
103106,0
118430,0
107638,0
114682,0
113439,0
111810,0
115630,0
112894,0
109906,0
109187,0
108723,0
110408,0
108476,0
106927,0
101917,0
108360,0
112061,0
103527,0
110695,0
108172,0
102363,0
100180,0
114038,0
114509,0
114712,0
117824,0
116959,0
107985,0
107651,0
100960,0
112041,0
119649,0
101259,0
118140,0
103990,0
115961,0
106571,0
117151,0
110090,0
110803,0
113648,0
114754,0
105209,0
108447,0
117535,0
108396,0
119506,0
112821,0
117580,0
106120,0
116379,0
101238,0
110202,0
113275,0
118924,0
102534,0
107343,0
109884,0
117766,0
104316,0
115686,0
117993,0
119288,0
115828,0
118122,0
100766,0
113444,0
107715,0
100265,0
117652,0
118035,0
109498,0
117651,0
108822,0
118254,0
112735,0
106445,0
110765,0
114932,0
106675,0
107478,0
104946,0
106658,0
105502,0
119790,0
108677,0
106032,0
105004,0
110010,0
107670,0
110973,0
102619,0
101721,0
105598,0
103451,0
103465,0
115759,0
107630,0
115404,0
112128,0
108379,0
107229,0
104420,0
102939,0
107181,0
102220,0
103300,0
109096,0
110150,0
105550,0
107304,0
117807,0
119099,0
104632,0
117773,0
117018,0
114453,0
113797,0
103779,0
117045,0
102193,0
119755,0
103121,0
108070,0
105397,0
104277,0
113195,0
108527,0
111799,0
107159,0
105518,0
103892,0
100302,0
111045,0
103334,0
113986,0
107005,0
110925,0
110246,0
103726,0
116861,0
109352,0
115556,0
101773,0
119627,0
102358,0
100253,0
110092,0
117714,0
111759,0
105808,0
108642,0
103503,0
101737,0
107772,0
104224,0
118881,0
118794,0
105656,0
110878,0
111364,0
118178,0
118291,0
117504,0
118603,0
100517,0
112665,0
110685,0
104749,0
116013,0
100987,0
107413,0
112131,0
105168,0
116066,0
109702,0
107562,0
101366,0
106201,0
101350,0
110437,0
118587,0
106926,0
116088,0
105592,0
115340,0
111715,0
104593,0
106299,0
101998,0
115406,0
105860,0
113617,0
114555,0
117682,0
110136,0
118868,0
108876,0
117819,0
118652,0
102445,0
105148,0
111176,0
101554,0
108947,0
101143,0
119233,0
118541,0
113578,0
118390,0
110758,0
111785,0
105994,0
107691,0
114079,0
102144,0
110865,0
104112,0
116504,0
111503,0
104072,0
103580,0
119211,0
112320,0
100968,0
115528,0
118311,0
110425,0
109735,0
108767,0
109103,0
105433,0
104631,0
108646,0
116520,0
107839,0
104146,0
114644,0
108933,0
101680,0
109759,0
105083,0
111092,0
110740,0
106498,0
100431,0
110683,0
116542,0
112188,0
108380,0
103923,0
118082,0
117419,0
112303,0
106427,0
116341,0
117527,0
111699,0
107957,0
109226,0
115100,0
114708,0
103328,0
105205,0
100408,0
114920,0
107728,0
109778,0
104177,0
102782,0
107902,0
118279,0
113546,0
100023,0
108873,0
102760,0
105113,0
102917,0
102951,0
110366,0
109146,0
106134,0
118748,0
102844,0
107429,0
117543,0
101744,0
102529,0
112593,0
114739,0
104896,0
101207,0
116674,0
102196,0
107319,0
102171,0
109557,0
106839,0
112197,0
114219,0
117653,0
101030,0
101062,0
107854,0
111808,0
115879,0
119986,0
103313,0
108083,0
113006,0
109183,0
111999,0
110669,0
100015,0
109512,0
114095,0
117104,0
104922,0
102140,0
119850,0
105842,0
117173,0
114461,0
115080,0
106397,0
118460,0
105537,0
117311,0
109633,0
106912,0
104530,0
102255,0
114025,0
114387,0
106302,0
110602,0
106937,0
107853,0
101956,0
100287,0
100467,0
101368,0
107520,0
103559,0
103437,0
117250,0
112384,0
101431,0
119855,0
105635,0
100755,0
112418,0
104653,0
104675,0
118969,0
102663,0
106845,0
107444,0
114659,0
103770,0
102698,0
106376,0
104421,0
102935,0
116357,0
114789,0
113206,0
111473,0
116183,0
102727,0
102677,0
112194,0
107237,0
118932,0
117185,0
101485,0
101685,0
119071,0
106429,0
100303,0
101302,0
114692,0
105652,0
117914,0
110966,0
101841,0
108556,0
105882,0
101711,0
119351,0
114344,0
117686,0
114693,0
104240,0
116256,0
119757,0
108789,0
106766,0
113783,0
116154,0
102404,0
106782,0
117838,0
105919,0
107060,0
117128,0
100584,0
117591,0
107894,0
112011,0
116811,0
117303,0
102132,0
102587,0
107875,0
101085,0
112086,0
102618,0
118743,0
117320,0
112686,0
103493,0
113739,0
100326,0
100338,0
107480,0
100719,0
111495,0
106921,0
100247,0
112427,0
111658,0
105630,0
118412,0
110792,0
118204,0
106861,0
107346,0
102737,0
108603,0
118103,0
116648,0
102147,0
102874,0
108293,0
106460,0
103041,0
101767,0
106319,0
113377,0
109745,0
116887,0
113429,0
107544,0
107049,0
117217,0
103659,0
119357,0
117363,0
110946,0
115127,0
117333,0
115765,0
101074,0
116408,0
104393,0
101880,0
102338,0
119863,0
110879,0
109723,0
103971,0
115984,0
110696,0
108889,0
107989,0
104619,0
119362,0
108462,0
110073,0
102778,0
116349,0
103792,0
114775,0
100094,0
102483,0
100616,0
113627,0
109203,0
108845,0
116070,0
109511,0
119767,0
116224,0
105968,0
100470,0
118738,0
116927,0
105806,0
119329,0
119966,0
101059,0
111743,0
117939,0
110757,0
107305,0
114151,0
112969,0
110850,0
102513,0
100184,0
119160,0
115278,0
106914,0
104988,0
116134,0
116679,0
115875,0
101131,0
103868,0
107650,0
103466,0
114069,0
104092,0
102880,0
101249,0
115700,0
112614,0
105680,0
107190,0
109930,0
112017,0
107792,0
107284,0
102066,0
107187,0
119514,0
101178,0
110229,0
114624,0
112458,0
110342,0
112594,0
105013,0
106316,0
115824,0
108475,0
113172,0
103761,0
110093,0
106575,0
119856,0
119737,0
103212,0
108236,0
105777,0
101635,0
119938,0
117852,0
115232,0
112437,0
101174,0
119322,0
103324,0
110004,0
115583,0
115771,0
116450,0
106639,0
119481,0
114587,0
104780,0
109108,0
112933,0
112632,0
103828,0
103054,0
101039,0
117335,0
112688,0
110704,0
118452,0
101488,0
107417,0
105417,0
113207,0
102115,0
107212,0
110524,0
113713,0
117328,0
116017,0
117566,0
115457,0
117912,0
118841,0
103622,0
114918,0
119791,0
114246,0
108030,0
109305,0
105303,0
101200,0
114488,0
105712,0
114476,0
114945,0
115372,0
113804,0
100108,0
110711,0
108884,0
118516,0
116362,0
114501,0
119024,0
107465,0
112914,0
118936,0
104058,0
108282,0
108923,0
111642,0
111435,0
103454,0
111319,0
116036,0
108566,0
100358,0
111309,0
115540,0
117117,0
108254,0
114773,0
114565,0
119436,0
102670,0
111554,0
118775,0
118107,0
118216,0
100340,0
105631,0
116620,0
114568,0
101247,0
110236,0
106362,0
102240,0
102598,0
109372,0
102212,0
112478,0
106853,0
118207,0
108875,0
112158,0
102594,0
109713,0
111023,0
100398,0
106777,0
104940,0
100513,0
113953,0
109043,0
111022,0
109869,0
115217,0
118449,0
112186,0
114874,0
106330,0
107141,0
109567,0
103016,0
119455,0
104563,0
110653,0
115052,0
105768,0
107170,0
105974,0
111723,0
100453,0
107196,0
114401,0
109414,0
106421,0
108340,0
107552,0
111277,0
111972,0
102838,0
118475,0
106415,0
108662,0
100715,0
112067,0
100707,0
111317,0
119961,0
106150,0
118987,0
117480,0
113176,0
117857,0
118563,0
103733,0
111931,0
112088,0
118208,0
110187,0
101768,0
101300,0
117407,0
113518,0
117811,0
106339,0
101855,0
115229,0
108392,0
118361,0
115651,0
107424,0
104209,0
103015,0
109453,0
107707,0
114907,0
119355,0
104786,0
115333,0
116713,0
118629,0
107220,0
112233,0
103122,0
108004,0
105085,0
101086,0
110406,0
110380,0
116306,0
112235,0
113599,0
104372,0
111314,0
113378,0
114076,0
108904,0
114618,0
118455,0
116159,0
106272,0
105166,0
115397,0
114813,0
109771,0
109353,0
112863,0
105101,0
119184,0
110404,0
117731,0
111261,0
109810,0
104970,0
113411,0
100275,0
113258,0
113968,0
100849,0
113725,0
116069,0
109875,0
113774,0
100740,0
114390,0
113121,0
119321,0
110895,0
108096,0
105484,0
117086,0
102743,0
119328,0
106810,0
116030,0
100666,0
103815,0
100086,0
100721,0
118308,0
118696,0
105695,0
117894,0
101884,0
112298,0
117859,0
113528,0
114370,0
118801,0
102499,0
114325,0
108801,0
102903,0
116771,0
117623,0
102691,0
104077,0
104952,0
107525,0
115264,0
118004,0
100882,0
108824,0
118870,0
109075,0
110431,0
117642,0
117287,0
101175,0
101945,0
114733,0
108000,0
116227,0
116389,0
100438,0
104773,0
113173,0
113853,0
108253,0
113996,0
118639,0
113601,0
101053,0
115925,0
118037,0
107197,0
118419,0
101182,0
100969,0
118961,0
114296,0
102179,0
106689,0
112046,0
112236,0
100237,0
108313,0
112707,0
103582,0
119761,0
103587,0
106230,0
110556,0
118416,0
116167,0
106692,0
115415,0
111909,0
110511,0
116637,0
102875,0
110258,0
116682,0
105803,0
113187,0
101024,0
118716,0
117608,0
107384,0
102418,0
113630,0
101362,0
114437,0
101248,0
105394,0
113458,0
119789,0
113135,0
111528,0
112032,0
118768,0
112284,0
111734,0
112393,0
116999,0
108617,0
102087,0
100660,0
110428,0
106417,0
108882,0
119609,0
117270,0
107536,0
101792,0
104223,0
102603,0
104104,0
110826,0
112181,0
111544,0
108850,0
102368,0
109652,0
105150,0
119560,0
112915,0
115750,0
103856,0
111702,0
111112,0
119086,0
107150,0
103209,0
101864,0
117127,0
115156,0
104844,0
109219,0
115148,0
103563,0
111816,0
114836,0
101177,0
102073,0
104700,0
119371,0
110022,0
103429,0
109382,0
108584,0
101642,0
100105,0
102336,0
101136,0
115336,0
108435,0
110754,0
108526,0
100345,0
106036,0
107855,0
114338,0
104838,0
114534,0
102004,0
108534,0
105655,0
114971,0
101128,0
119513,0
108839,0
102749,0
109168,0
114895,0
118083,0
118484,0
103268,0
100659,0
117908,0
117848,0
113412,0
102577,0
100248,0
114208,0
108205,0
111605,0
118984,0
104321,0
101441,0
102012,0
110612,0
108973,0
103816,0
118817,0
103807,0
111323,0
119027,0
105090,0
116921,0
118133,0
119796,0
115889,0
104601,0
119454,0
118097,0
112761,0
100046,0
104245,0
111555,0
118355,0
119740,0
113703,0
105978,0
101364,0
110011,0
108082,0
105066,0
100949,0
119107,0
102069,0
103886,0
100973,0
102912,0
107244,0
117142,0
118699,0
111386,0
103797,0
102546,0
101637,0
116516,0
102889,0
112169,0
115215,0
107080,0
102476,0
104064,0
106457,0
110113,0
118116,0
102421,0
102190,0
118625,0
111925,0
105797,0
117570,0
110938,0
111145,0
117732,0
110793,0
118239,0
102040,0
100295,0
102315,0
112702,0
109010,0
114448,0
100788,0
113987,0
119581,0
103609,0
109400,0
104853,0
116353,0
103491,0
106387,0
119638,0
103569,0
104941,0
101205,0
119251,0
117235,0
105748,0
108075,0
101624,0
115959,0
103372,0
111662,0
103568,0
107979,0
113198,0
105948,0
106493,0
112407,0
109907,0
114603,0
104159,0
116718,0
104202,0
114196,0
111371,0
117428,0
107089,0
105038,0
108859,0
107097,0
103180,0
105000,0
113670,0
102657,0
118597,0
119276,0
115900,0
106660,0
117666,0
110050,0
105925,0
117433,0
119336,0
102856,0
118970,0
105615,0
110061,0
101436,0
119945,0
116371,0
101588,0
111123,0
110724,0
111593,0
101803,0
100840,0
101379,0
111656,0
110205,0
108627,0
101213,0
114071,0
116778,0
114917,0
116998,0
110660,0
108163,0
112639,0
106099,0
104557,0
116342,0
105998,0
105702,0
103138,0
117325,0
109523,0
116161,0
114278,0
103504,0
105170,0
107795,0
105870,0
103013,0
119889,0
102991,0
118377,0
119022,0
114091,0
114802,0
111572,0
114541,0
110392,0
113181,0
116477,0
112270,0
102246,0
110465,0
109222,0
114592,0
110417,0
104874,0
116567,0
104169,0
105064,0
105673,0
109929,0
104517,0
106064,0
104464,0
117815,0
115712,0
101192,0
104651,0
106735,0
108303,0
116022,0
100129,0
111106,0
106351,0
111975,0
104757,0
114073,0
115873,0
111160,0
109982,0
105110,0
107624,0
111511,0
114851,0
106615,0
115221,0
116568,0
100846,0
118186,0
107612,0
112962,0
101082,0
111507,0
113606,0
102116,0
100401,0
102330,0
106966,0
107996,0
100012,0
108797,0
118566,0
115380,0
101358,0
108764,0
114516,0
100222,0
113308,0
100203,0
106687,0
111807,0
110069,0
105384,0
119907,0
109050,0
113835,0
104592,0
103499,0
107605,0
116829,0
114554,0
101228,0
105132,0
112648,0
114218,0
102162,0
107517,0
104662,0
107767,0
103178,0
117321,0
112819,0
111953,0
109042,0
105807,0
119801,0
117540,0
109950,0
105127,0
101991,0
111765,0
101715,0
109309,0
117372,0
118565,0
100737,0
113009,0
106542,0
109730,0
116419,0
107797,0
114113,0
101907,0
118594,0
118358,0
113202,0
119557,0
102572,0
113113,0
111226,0
116939,0
101500,0
119923,0
119510,0
119091,0
107333,0
100151,0
108318,0
118900,0
113174,0
106781,0
114398,0
106840,0
111667,0
119458,0
106194,0
112977,0
105323,0
101804,0
106375,0
119369,0
115069,0
107545,0
108372,0
109243,0
116377,0
100118,0
108727,0
100439,0
111589,0
113515,0
116099,0
113352,0
107412,0
116815,0
110316,0
101501,0
108326,0
108644,0
117893,0
104630,0
118359,0
102517,0
105593,0
115223,0
117810,0
111405,0
118604,0
111477,0
104379,0
106654,0
118793,0
102374,0
115427,0
103894,0
113334,0
119548,0
115696,0
114145,0
102444,0
101347,0
112343,0
117544,0
106263,0
118233,0
107154,0
103463,0
115066,0
110163,0
109896,0
117087,0
111883,0
108311,0
110849,0
116696,0
106569,0
106984,0
103272,0
102809,0
101983,0
116014,0
102622,0
105676,0
114286,0
104232,0
106960,0
108136,0
107115,0
109494,0
115681,0
103308,0
115241,0
100595,0
104335,0
119182,0
113288,0
107425,0
116820,0
109643,0
111233,0
114457,0
107266,0
103576,0
118354,0
111882,0
108940,0
104049,0
115596,0
111782,0
111295,0
107615,0
116437,0
112163,0
101993,0
114473,0
108599,0
112940,0
112162,0
103935,0
113445,0
118500,0
104764,0
104114,0
101415,0
108031,0
104017,0
101786,0
111432,0
112816,0
116980,0
119634,0
101857,0
109560,0
103988,0
102711,0
101119,0
102604,0
111502,0
105073,0
100143,0
107706,0
115200,0
100889,0
111859,0
112308,0
103532,0
107882,0
107780,0
112824,0
117338,0
117314,0
108660,0
113729,0
115428,0
103113,0
101232,0
103977,0
110693,0
118066,0
102822,0
105465,0
111626,0
100368,0
109814,0
107047,0
111242,0
112755,0
111083,0
108103,0
119311,0
104669,0
113432,0
116237,0
100089,0
108053,0
102150,0
104020,0
114656,0
100171,0
101981,0
100663,0
117648,0
108672,0
109090,0
102252,0
109877,0
114528,0
114924,0
114892,0
106000,0
117075,0
111878,0
113574,0
110881,0
115009,0
110237,0
110997,0
108781,0
107514,0
118309,0
109184,0
107655,0
106942,0
104060,0
115055,0
115041,0
114827,0
104250,0
108697,0
105330,0
113481,0
114321,0
117232,0
104508,0
107835,0
103291,0
108641,0
114201,0
111192,0
111479,0
115598,0
109529,0
104100,0
112229,0
114324,0
119749,0
107671,0
103479,0
102341,0
105230,0
110261,0
102103,0
114538,0
109165,0
119793,0
100187,0
109732,0
106290,0
114036,0
113538,0
102719,0
116339,0
110296,0
114896,0
116059,0
101125,0
111208,0
100800,0
103811,0
107209,0
118086,0
100157,0
101590,0
108817,0
102432,0
112786,0
116260,0
114222,0
102477,0
104137,0
101395,0
108349,0
117343,0
113737,0
101351,0
100013,0
110129,0
119607,0
109977,0
112066,0
100360,0
117984,0
111463,0
107583,0
116118,0
113858,0
107359,0
107507,0
116481,0
100634,0
102568,0
105619,0
118340,0
116904,0
114015,0
101080,0
109622,0
106543,0
116280,0
102178,0
118042,0
119029,0
118514,0
103021,0
116796,0
100885,0
109580,0
111820,0
119339,0
118909,0
116584,0
103226,0
114791,0
111827,0
106018,0
112545,0
118722,0
116370,0
101294,0
107322,0
108796,0
109854,0
100318,0
110870,0
102467,0
107813,0
119295,0
101285,0
114561,0
108720,0
119189,0
107951,0
113230,0
117884,0
116337,0
106939,0
108545,0
103085,0
112349,0
102869,0
118121,0
102399,0
117583,0
111631,0
106256,0
107208,0
102521,0
110276,0
111858,0
118508,0
105540,0
116168,0
119224,0
100797,0
103362,0
102386,0
112859,0
103283,0
105489,0
100440,0
104898,0
102127,0
107801,0
108066,0
110960,0
113962,0
113865,0
119300,0
112738,0
114744,0
117509,0
116095,0
109455,0
113208,0
117329,0
118575,0
102308,0
100228,0
110062,0
114828,0
107697,0
119797,0
115051,0
114478,0
113472,0
101619,0
114498,0
115797,0
104692,0
116319,0
103383,0
109071,0
119108,0
107467,0
107452,0
112314,0
113401,0
105098,0
104108,0
114934,0
113035,0
108978,0
115642,0
110759,0
106583,0
110401,0
111060,0
104160,0
100060,0
111041,0
118048,0
103329,0
101273,0
108424,0
112444,0
100505,0
119521,0
117464,0
119382,0
108626,0
104045,0
118468,0
101835,0
110398,0
104287,0
102249,0
118415,0
105333,0
108192,0
110767,0
115284,0
100296,0
103000,0
103817,0
114646,0
100325,0
114399,0
117610,0
115844,0
100134,0
110481,0
117933,0
117506,0
103017,0
103256,0
112638,0
108558,0
106207,0
114901,0
108200,0
103203,0
105077,0
111783,0
113898,0
115130,0
116802,0
115807,0
114405,0
107226,0
107324,0
112351,0
102063,0
107397,0
112441,0
113430,0
118336,0
114610,0
104659,0
112983,0
100988,0
106527,0
103477,0
112851,0
114972,0
118056,0
114688,0
111004,0
113509,0
111739,0
109009,0
113326,0
112147,0
112356,0
113587,0
112534,0
113252,0
113347,0
104568,0
115063,0
118784,0
113990,0
112551,0
102210,0
109995,0
105391,0
114181,0
110391,0
113605,0
108395,0
101790,0
112033,0
113102,0
113359,0
103387,0
115865,0
100503,0
112105,0
106804,0
117689,0
116048,0
109883,0
103701,0
114055,0
114862,0
111651,0
103188,0
111118,0
119477,0
109862,0
107414,0
104927,0
119003,0
115274,0
107024,0
112867,0
115908,0
118023,0
119203,0
118348,0
110552,0
113934,0
109599,0
111758,0
104931,0
113849,0
107404,0
105075,0
112436,0
106644,0
108341,0
101388,0
117753,0
116323,0
109248,0
106484,0
103686,0
117312,0
111174,0
113088,0
101439,0
101328,0
112091,0
103348,0
118638,0
116505,0
115078,0
110487,0
104666,0
118890,0
115897,0
101834,0
108042,0
110014,0
102123,0
110478,0
118681,0
102001,0
112442,0
113944,0
107134,0
116184,0
104787,0
119608,0
119096,0
118273,0
113083,0
104039,0
112902,0
106701,0
107689,0
117839,0
112620,0
119307,0
117082,0
108585,0
114905,0
111623,0
109635,0
104313,0
101922,0
115491,0
116451,0
107984,0
112388,0
117496,0
116666,0
103837,0
110471,0
118497,0
104542,0
100891,0
100785,0
102474,0
105875,0
103379,0
114666,0
103702,0
102248,0
102411,0
111539,0
115940,0
116991,0
105992,0
116851,0
106271,0
101392,0
107568,0
108268,0
106020,0
114140,0
113954,0
117490,0
118194,0
112456,0
115541,0
109803,0
110636,0
100221,0
116304,0
110066,0
119617,0
106253,0
108918,0
107040,0
104307,0
105091,0
106138,0
103343,0
114460,0
102705,0
102806,0
106168,0
118241,0
117655,0
114012,0
107956,0
114062,0
113769,0
119249,0
104107,0
100188,0
105855,0
104182,0
100842,0
116412,0
101233,0
106860,0
105824,0
107067,0
113900,0
119367,0
109753,0
115319,0
114313,0
118786,0
114474,0
108510,0
112414,0
100057,0
110182,0
111462,0
105853,0
119033,0
116361,0
116004,0
112198,0
118766,0
115144,0
112464,0
103785,0
119360,0
118300,0
114655,0
102735,0
100459,0
119676,0
100879,0
113270,0
119859,0
107086,0
118061,0
111491,0
115868,0
106930,0
102269,0
111429,0
100786,0
113918,0
110485,0
107782,0
108194,0
104235,0
117704,0
104604,0
106627,0
104803,0
103993,0
119919,0
118599,0
114436,0
102381,0
103117,0
113218,0
118962,0
102736,0
109167,0
110034,0
111043,0
100532,0
116846,0
109385,0
109846,0
114381,0
101289,0
108316,0
102817,0
115073,0
115800,0
110255,0
115323,0
117026,0
118836,0
107076,0
103171,0
110138,0
107672,0
104863,0
102687,0
107864,0
114683,0
116747,0
114803,0
105670,0
106755,0
117617,0
107156,0
111670,0
118470,0
107705,0
105158,0
104678,0
118896,0
107739,0
102131,0
115604,0
119543,0
117922,0
114623,0
112265,0
113370,0
118783,0
109377,0
100264,0
112059,0
112228,0
110662,0
105241,0
118605,0
114102,0
102757,0
119098,0
105245,0
119962,0
108046,0
118485,0
107725,0
111266,0
114642,0
118710,0
113641,0
105056,0
100126,0
115740,0
114639,0
105426,0
112087,0
111689,0
109960,0
105864,0
101349,0
102424,0
119915,0
118334,0
111700,0
107095,0
119997,0
108861,0
108494,0
103648,0
101845,0
109749,0
110240,0
102767,0
100304,0
110570,0
117247,0
101789,0
115098,0
112957,0
107523,0
110600,0
108352,0
113462,0
112073,0
113564,0
117987,0
107821,0
102042,0
119992,0
103905,0
107035,0
106856,0
116399,0
111767,0
105313,0
101849,0
115661,0
104559,0
108509,0
102166,0
113710,0
105207,0
105259,0
113745,0
117799,0
106516,0
118995,0
113669,0
100149,0
119113,0
113871,0
101693,0
105822,0
117394,0
116263,0
102473,0
105931,0
114004,0
100714,0
112520,0
112196,0
110288,0
113701,0
101736,0
107720,0
111568,0
115181,0
117947,0
103898,0
119835,0
101313,0
103487,0
108003,0
104849,0
119847,0
116822,0
114615,0
110827,0
101986,0
116429,0
100876,0
112206,0
112769,0
104484,0
107521,0
106286,0
110780,0
110772,0
113122,0
112149,0
112882,0
108187,0
109370,0
112490,0
116233,0
108008,0
116656,0
102891,0
113956,0
104074,0
107681,0
101946,0
110691,0
114156,0
110635,0
105361,0
104121,0
118014,0
113874,0
102554,0
116720,0
112563,0
113041,0
104660,0
118636,0
109772,0
113551,0
112248,0
102569,0
101225,0
114270,0
101629,0
109579,0
101742,0
114397,0
107914,0
119026,0
100001,0
113333,0
104444,0
110999,0
109677,0
119409,0
112486,0
107358,0
119659,0
115737,0
115932,0
118852,0
115725,0
106525,0
105861,0
105036,0
112330,0
107279,0
113593,0
108836,0
110329,0
115684,0
100568,0
108570,0
111428,0
115982,0
113554,0
106364,0
105764,0
100947,0
112663,0
101860,0
117486,0
112425,0
111874,0
118251,0
117817,0
111863,0
103068,0
109994,0
104059,0
117738,0
117813,0
106102,0
105792,0
116087,0
119152,0
113972,0
112132,0
113027,0
116850,0
119165,0
116654,0
110364,0
112037,0
108148,0
114032,0
118622,0
101887,0
115966,0
117664,0
100674,0
118693,0
101879,0
113631,0
101132,0
103783,0
103248,0
110302,0
110032,0
112695,0
119987,0
104713,0
118673,0
114174,0
106789,0
106399,0
107927,0
105067,0
106806,0
104389,0
109363,0
118980,0
119344,0
114170,0
116592,0
106358,0
115974,0
105305,0
114408,0
107253,0
106655,0
116714,0
112779,0
103567,0
112106,0
117907,0
111205,0
116723,0
102039,0
110377,0
117004,0
110926,0
100231,0
114124,0
102263,0
113951,0
102068,0
102104,0
119379,0
100404,0
116725,0
102223,0
110812,0
118667,0
107822,0
115834,0
111305,0
111458,0
108108,0
103556,0
104448,0
104968,0
111524,0
111892,0
106645,0
107298,0
118846,0
102022,0
107858,0
118260,0
111416,0
113621,0
112802,0
115953,0
105685,0
111762,0
113376,0
115608,0
105946,0
110338,0
117724,0
117468,0
107991,0
102671,0
111318,0
108237,0
108736,0
114916,0
107789,0
103206,0
114247,0
108190,0
100655,0
102810,0
111056,0
107528,0
100820,0
110877,0
106822,0
101316,0
105911,0
107436,0
108823,0
109440,0
108759,0
110474,0
119949,0
102548,0
100633,0
103194,0
107126,0
107007,0
106585,0
112804,0
104206,0
103231,0
116681,0
106410,0
112480,0
100307,0
111008,0
100009,0
106619,0
109442,0
109031,0
104134,0
116882,0
100417,0
105856,0
103394,0
112649,0
115755,0
108792,0
107709,0
107186,0
101130,0
116187,0
113483,0
109985,0
109197,0
107131,0
110320,0
100132,0
119127,0
102837,0
116752,0
109307,0
116177,0
102815,0
101625,0
100932,0
101529,0
109003,0
108747,0
100111,0
104003,0
106440,0
101641,0
102505,0
105104,0
103644,0
113387,0
112465,0
116515,0
114293,0
114582,0
102943,0
104249,0
102226,0
103160,0
106161,0
108461,0
113607,0
113600,0
118263,0
115245,0
103775,0
104230,0
102412,0
110626,0
104280,0
103771,0
109876,0
119134,0
111445,0
119601,0
100062,0
119136,0
116890,0
104367,0
112874,0
119309,0
110604,0
106141,0
102985,0
102049,0
110970,0
116269,0
112988,0
101071,0
119929,0
113301,0
102899,0
116744,0
104565,0
107120,0
106468,0
111134,0
119313,0
117844,0
104522,0
109349,0
108285,0
109554,0
107139,0
113330,0
103255,0
101600,0
116264,0
110099,0
110527,0
100122,0
115057,0
104794,0
118295,0
111937,0
105820,0
105542,0
114999,0
113985,0
101761,0
111707,0
117473,0
110808,0
111499,0
119337,0
108086,0
110837,0
108079,0
102500,0
116539,0
103560,0
103354,0
117387,0
114060,0
107982,0
117285,0
117323,0
109484,0
100732,0
109649,0
107909,0
118138,0
102525,0
102044,0
116459,0
119387,0
113568,0
112664,0
115467,0
107382,0
119126,0
113452,0
111711,0
111336,0
109302,0
118593,0
107758,0
119232,0
111225,0
115941,0
106328,0
105613,0
108880,0
116501,0
110001,0
118303,0
111979,0
102433,0
103602,0
113654,0
112856,0
113213,0
114166,0
111609,0
116324,0
110964,0
103514,0
115246,0
119441,0
116838,0
105815,0
118209,0
115631,0
119125,0
110060,0
111358,0
100099,0
113910,0
100799,0
104285,0
119587,0
107549,0
104816,0
114445,0
114162,0
112182,0
101334,0
107224,0
101682,0
113105,0
114126,0
104241,0
111911,0
110762,0
106441,0
117135,0
116872,0
103640,0
100093,0
114258,0
103638,0
109358,0
103711,0
117918,0
113394,0
116386,0
104681,0
108729,0
105212,0
105872,0
116380,0
113829,0
116143,0
113005,0
104426,0
105859,0
117134,0
115573,0
115704,0
103368,0
104574,0
116993,0
108653,0
116941,0
106612,0
117044,0
107194,0
109910,0
105762,0
105368,0
100484,0
104370,0
113194,0
108277,0
118397,0
111050,0
101394,0
107335,0
113028,0
111089,0
112050,0
116519,0
112057,0
110135,0
106869,0
118672,0
119133,0
102827,0
110668,0
111415,0
110148,0
117759,0
107903,0
104981,0
115169,0
109463,0
112907,0
113257,0
105543,0
107260,0
118713,0
105973,0
111250,0
112751,0
114464,0
108481,0
109061,0
111813,0
108438,0
112419,0
114982,0
110122,0
114371,0
112525,0
103003,0
115530,0
119154,0
117625,0
116650,0
110225,0
118101,0
107589,0
107949,0
108165,0
105766,0
116961,0
111257,0
104186,0
113504,0
117906,0
111550,0
115489,0
114179,0
117973,0
104614,0
108350,0
113023,0
104971,0
118530,0
119900,0
103408,0
115297,0
105942,0
112455,0
107735,0
119413,0
112603,0
102393,0
114765,0
116955,0
102897,0
111932,0
108620,0
106877,0
119799,0
112069,0
117020,0
115589,0
105411,0
119467,0
115499,0
108389,0
110279,0
107125,0
105690,0
107687,0
114835,0
110095,0
112829,0
105571,0
113272,0
116191,0
110876,0
108624,0
116356,0
117441,0
100399,0
112941,0
110147,0
103234,0
107676,0
113891,0
104888,0
101606,0
105546,0
112399,0
112793,0
101718,0
109804,0
111698,0
106728,0
117579,0
101863,0
103882,0
118633,0
114767,0
115152,0
101446,0
113680,0
117196,0
110264,0
115435,0
111592,0
119985,0
114794,0
107677,0
117538,0
103908,0
115449,0
117177,0
101698,0
106070,0
109208,0
107192,0
102850,0
119380,0
109760,0
115292,0
103443,0
118117,0
106342,0
104198,0
100346,0
111102,0
103162,0
112277,0
119999,0
104728,0
105432,0
104492,0
108831,0
108489,0
103026,0
103778,0
110379,0
115358,0
114704,0
103363,0
112312,0
107590,0
105885,0
116694,0
101387,0
105187,0
112009,0
114034,0
107393,0
110289,0
102372,0
111525,0
113694,0
112117,0
113031,0
107616,0
113239,0
115059,0
111721,0
115202,0
112373,0
101636,0
112521,0
103558,0
108051,0
102672,0
104195,0
106380,0
114807,0
110924,0
105600,0
104378,0
111395,0
104875,0
109664,0
114529,0
106320,0
107763,0
107856,0
110805,0
102076,0
114589,0
109899,0
105763,0
119816,0
115162,0
101984,0
104418,0
107730,0
100548,0
110987,0
107394,0
107773,0
111182,0
119049,0
117349,0
107718,0
100996,0
108743,0
103608,0
105120,0
116298,0
116152,0
105316,0
112921,0
103619,0
112519,0
113106,0
118831,0
118578,0
100520,0
105567,0
106203,0
105296,0
117756,0
115345,0
111096,0
110084,0
117149,0
101193,0
116875,0
116236,0
104132,0
102281,0
119452,0
108969,0
107622,0
118248,0
101689,0
109464,0
112514,0
117516,0
104167,0
109983,0
109457,0
104903,0
112365,0
110598,0
118957,0
111053,0
113689,0
117278,0
101972,0
114241,0
109205,0
103282,0
114886,0
116754,0
102025,0
119386,0
103472,0
119285,0
105459,0
103957,0
117964,0
113534,0
111049,0
112224,0
104647,0
118020,0
111944,0
116522,0
111340,0
105339,0
101427,0
105874,0
115675,0
105852,0
102205,0
107817,0
111345,0
106087,0
102283,0
117389,0
115753,0
117569,0
112415,0
106870,0
110385,0
103682,0
107014,0
109290,0
117449,0
114873,0
113219,0
112283,0
118269,0
107202,0
111362,0
113584,0
107415,0
106227,0
115160,0
107438,0
108399,0
107103,0
106610,0
111980,0
110149,0
116428,0
116062,0
100959,0
112869,0
109550,0
110104,0
119553,0
105463,0
110121,0
112026,0
107236,0
102621,0
119759,0
106982,0
105340,0
103850,0
101496,0
118296,0
119394,0
111929,0
104482,0
105010,0
103522,0
116979,0
114650,0
100316,0
101582,0
106771,0
118391,0
113214,0
107088,0
116385,0
112068,0
100852,0
109603,0
113659,0
104742,0
106466,0
102100,0
106817,0
115624,0
108063,0
109860,0
110629,0
109641,0
110244,0
113761,0
111649,0
115408,0
100827,0
109712,0
102813,0
109892,0
112766,0
118010,0
108169,0
115304,0
115547,0
102334,0
109681,0
110649,0
100254,0
105970,0
110328,0
105906,0
113714,0
116223,0
104969,0
104215,0
118688,0
102214,0
109375,0
112266,0
118584,0
113127,0
108429,0
116140,0
116407,0
119861,0
119554,0
102561,0
116946,0
107083,0
109741,0
110298,0
109798,0
112762,0
107588,0
116870,0
119550,0
101077,0
119237,0
116422,0
116426,0
104352,0
115582,0
113455,0
115330,0
100160,0
101844,0
114413,0
102081,0
116144,0
101523,0
109546,0
111423,0
110959,0
105848,0
103679,0
106871,0
117062,0
114224,0
113307,0
117771,0
100284,0
115625,0
102113,0
101713,0
107722,0
102962,0
103376,0
102312,0
119296,0
103931,0
102522,0
101651,0
119880,0
118483,0
112191,0
106067,0
112264,0
104986,0
109630,0
102146,0
118922,0
117352,0
107870,0
101486,0
106027,0
110270,0
115846,0
104007,0
117528,0
108800,0
116076,0
102993,0
111849,0
111560,0
108540,0
118665,0
104723,0
119914,0
115920,0
106715,0
105667,0
109019,0
112510,0
118517,0
116440,0
113216,0
111227,0
101165,0
100313,0
108098,0
117676,0
107328,0
116743,0
114432,0
110595,0
115385,0
101226,0
110897,0
104908,0
102665,0
119010,0
108518,0
119746,0
101947,0
106407,0
113841,0
104827,0
109595,0
102155,0
106198,0
118163,0
115418,0
116645,0
104734,0
114749,0
107437,0
117665,0
105980,0
101824,0
118684,0
100870,0
102031,0
111355,0
105642,0
100370,0
116774,0
102029,0
114316,0
100078,0
113476,0
119128,0
103151,0
115171,0
108445,0
107857,0
105421,0
106162,0
117079,0
110021,0
110519,0
100907,0
107123,0
106265,0
118596,0
114630,0
109794,0
117744,0
102088,0
116750,0
104229,0
107820,0
105769,0
113243,0
109631,0
107172,0
112971,0
109844,0
101141,0
106084,0
111394,0
100022,0
111989,0
101534,0
106252,0
115973,0
108090,0
119562,0
111741,0
112496,0
111216,0
113814,0
108783,0
113142,0
106486,0
117934,0
102738,0
105563,0
110035,0
100783,0
115116,0
107372,0
104830,0
103114,0
103380,0
116735,0
101974,0
109911,0
100038,0
108906,0
114481,0
118914,0
116546,0
116042,0
102773,0
114359,0
104762,0
118283,0
106954,0
113296,0
110477,0
116764,0
107673,0
100905,0
113877,0
111727,0
110863,0
117002,0
103809,0
115663,0
106504,0
108208,0
108287,0
105735,0
107859,0
102019,0
109245,0
118093,0
114351,0
118774,0
117725,0
104793,0
101390,0
103944,0
109112,0
102701,0
117437,0
114532,0
118910,0
110620,0
117476,0
103655,0
115803,0
118626,0
109421,0
106191,0
103962,0
117829,0
114148,0
103405,0
113299,0
107306,0
114111,0
114496,0
113511,0
102812,0
114687,0
101583,0
106720,0
110023,0
108484,0
112771,0
107872,0
112891,0
114192,0
102007,0
116435,0
104221,0
113837,0
110727,0
106350,0
119971,0
112240,0
105388,0
108841,0
113912,0
117046,0
100349,0
118960,0
116023,0
113582,0
110195,0
114514,0
119996,0
101121,0
100614,0
100814,0
110749,0
102408,0
104460,0
118513,0
110643,0
116180,0
105648,0
103086,0
100881,0
116218,0
105927,0
113976,0
116806,0
111190,0
110430,0
102442,0
115599,0
106846,0
118522,0
102973,0
112617,0
107931,0
107099,0
115302,0
106346,0
111602,0
102923,0
111552,0
110977,0
103715,0
108955,0
109138,0
114944,0
112391,0
112623,0
100116,0
101953,0
118659,0
100236,0
106334,0
100207,0
108828,0
112566,0
112048,0
111960,0
117170,0
104972,0
100407,0
104613,0
116383,0
118656,0
110560,0
113532,0
110784,0
108061,0
113382,0
107628,0
116332,0
103880,0
109317,0
118842,0
109636,0
107716,0
100888,0
105326,0
119493,0
116054,0
