iter	Logloss
0	0.677925854111	0.640033323222	0.6201265163	3	0.602691959444	0.588662735	55	0.573974666	6	0.6139857247	7	0.6053593298	8	0.5983449759	9	0.5909923901010	0.58385848611	0.6616079469
12	0.6590974374
13	0.656464421
14	0.6542024483
15	15	0.5505476816	16	0.5453588017	17	0.5403376218	18	0.5361924319	19	0.5318601720	20	0.526527432121	0.5220616122222	0.5186737902323	0.5146778212424	0.5114846502525	0.5081281632626	0.50117691827227	0.4076021012228	0.4043899327229	0.4011924702330	0.39764861531	0.4808540109
32	0.4779122647
33	0.4752886153
2
34	0.5194966981
35	0.5173585609
36	0.5150848667
37	0.5116801275
38	0.5091655433
39	0.5075622984
40	0.5056272003
41	0.5039265251
42	0.5019492252
43	0.4977166832
44	0.4964532866
45	0.4946523661
46	0.4932419682
47	0.4913209317
48	0.489539146
	0.4006163149
50	0.3993365154
