iter	Passed	Remaining
0	137	8253411	258	7736722	378	7523333	473	7050944	595	7090555	671	6648466	780	6610277	904	6694988	1018	66859	9	1102	65021010	1198	64191111	1342	65791212	1456	65771313	1543	64611414	1642	64061515	1678	61261
16	1755	60204
17	1832	59254
18	1917	58621
19	1994	57842
20	2051	56563
21	2123	55782
22	2175	54587
23	2224	53377
24	2268	52177
25	2317	51168
26	2363	50161
27	2423	49498
28	2453	48304
29	2512	47745
30	2555	46909
31	2579	45784
32	2617	44978
33	2654	44190
07	102589
33	2347	101220
34	2380	99649
35	2421	98472
36	2464	97459
37	2500	96208
38	2537	95044
39	2566	93688
40	2603	92643
41	2636	91533
42	2665	90315
43	2694	89156
44	2720	87975
45	2748	86876
46	2773	85757
47	2804	84830
48	2831	83843
2	80407
50	2798	79511
